-- MariaDB dump 10.19  Distrib 10.6.16-MariaDB, for debian-linux-gnu (x86_64)
--
-- Host: localhost    Database: ERP
-- ------------------------------------------------------
-- Server version	10.6.16-MariaDB-0ubuntu0.22.04.1

/*!40101 SET @OLD_CHARACTER_SET_CLIENT=@@CHARACTER_SET_CLIENT */;
/*!40101 SET @OLD_CHARACTER_SET_RESULTS=@@CHARACTER_SET_RESULTS */;
/*!40101 SET @OLD_COLLATION_CONNECTION=@@COLLATION_CONNECTION */;
/*!40101 SET NAMES utf8mb4 */;
/*!40103 SET @OLD_TIME_ZONE=@@TIME_ZONE */;
/*!40103 SET TIME_ZONE='+00:00' */;
/*!40014 SET @OLD_UNIQUE_CHECKS=@@UNIQUE_CHECKS, UNIQUE_CHECKS=0 */;
/*!40014 SET @OLD_FOREIGN_KEY_CHECKS=@@FOREIGN_KEY_CHECKS, FOREIGN_KEY_CHECKS=0 */;
/*!40101 SET @OLD_SQL_MODE=@@SQL_MODE, SQL_MODE='NO_AUTO_VALUE_ON_ZERO' */;
/*!40111 SET @OLD_SQL_NOTES=@@SQL_NOTES, SQL_NOTES=0 */;

--
-- Table structure for table `clientes`
--

DROP TABLE IF EXISTS `clientes`;
/*!40101 SET @saved_cs_client     = @@character_set_client */;
/*!40101 SET character_set_client = utf8 */;
CREATE TABLE `clientes` (
  `idCliente` bigint(20) unsigned NOT NULL AUTO_INCREMENT,
  `nombre` varchar(255) NOT NULL,
  `apellido` varchar(255) NOT NULL,
  `cipa` varchar(255) NOT NULL,
  `created_at` timestamp NULL DEFAULT NULL,
  `updated_at` timestamp NULL DEFAULT NULL,
  PRIMARY KEY (`idCliente`),
  UNIQUE KEY `clientes_cipa_unique` (`cipa`)
) ENGINE=InnoDB AUTO_INCREMENT=15 DEFAULT CHARSET=utf8mb4 COLLATE=utf8mb4_unicode_ci;
/*!40101 SET character_set_client = @saved_cs_client */;

--
-- Dumping data for table `clientes`
--

LOCK TABLES `clientes` WRITE;
/*!40000 ALTER TABLE `clientes` DISABLE KEYS */;
INSERT INTO `clientes` VALUES (1,'Thibaut','Courtois','2345678952','2024-05-27 06:55:48','2024-05-27 06:55:48'),(2,'Daniel','Carvajal','0123456716','2024-05-27 06:55:48','2024-05-27 06:55:48'),(3,'Luka','Modric','2345678167','2024-05-27 06:55:48','2024-05-27 06:55:48'),(4,'Vinicius','Junior','1345678994','2024-05-27 06:55:48','2024-05-27 06:55:48'),(5,'Toni','Kroos','4567890154','2024-05-27 06:55:48','2024-05-27 06:55:48'),(6,'Jude','Bellingham','1234567878','2024-05-27 06:55:48','2024-05-27 06:55:48'),(7,'Ferland','Mendy','5678901648','2024-05-27 06:55:48','2024-05-27 06:55:48'),(8,'Rodrygo','Goes','6789012794','2024-05-27 06:55:48','2024-05-27 06:55:48'),(9,'Eder','Militao','7890123543','2024-05-27 06:55:48','2024-05-27 06:55:48'),(10,'Lucas','Vazquez','8901234468','2024-05-27 06:55:48','2024-05-27 06:55:48'),(11,'Federico','Valverde','9012345798','2024-05-27 06:55:48','2024-05-27 06:55:48'),(12,'David','Alaba','0123456287','2024-05-27 06:55:48','2024-05-27 06:55:48'),(13,'Eduardo','Camavinga','5123456752','2024-05-27 06:55:48','2024-05-27 06:55:48'),(14,'Carlo','Ancelotti','0123456729','2024-05-27 06:55:48','2024-05-27 06:55:48');
/*!40000 ALTER TABLE `clientes` ENABLE KEYS */;
UNLOCK TABLES;

--
-- Table structure for table `compras`
--

DROP TABLE IF EXISTS `compras`;
/*!40101 SET @saved_cs_client     = @@character_set_client */;
/*!40101 SET character_set_client = utf8 */;
CREATE TABLE `compras` (
  `idCompra` bigint(20) unsigned NOT NULL AUTO_INCREMENT,
  `importe` decimal(8,2) NOT NULL,
  `unidades` int(11) NOT NULL,
  `fecha` datetime NOT NULL,
  `idProveedor` bigint(20) unsigned DEFAULT NULL,
  `idInventario` bigint(20) unsigned DEFAULT NULL,
  `created_at` timestamp NULL DEFAULT NULL,
  `updated_at` timestamp NULL DEFAULT NULL,
  PRIMARY KEY (`idCompra`),
  KEY `compras_idproveedor_foreign` (`idProveedor`),
  KEY `compras_idinventario_foreign` (`idInventario`),
  CONSTRAINT `compras_idinventario_foreign` FOREIGN KEY (`idInventario`) REFERENCES `inventario` (`idInventario`) ON DELETE SET NULL ON UPDATE CASCADE,
  CONSTRAINT `compras_idproveedor_foreign` FOREIGN KEY (`idProveedor`) REFERENCES `proveedores` (`idProveedor`) ON DELETE SET NULL ON UPDATE CASCADE
) ENGINE=InnoDB AUTO_INCREMENT=24 DEFAULT CHARSET=utf8mb4 COLLATE=utf8mb4_unicode_ci;
/*!40101 SET character_set_client = @saved_cs_client */;

--
-- Dumping data for table `compras`
--

LOCK TABLES `compras` WRITE;
/*!40000 ALTER TABLE `compras` DISABLE KEYS */;
INSERT INTO `compras` VALUES (1,28.00,35,'2023-12-03 10:30:00',1,2,'2024-05-27 06:55:48','2024-05-27 06:55:48'),(2,38.00,75,'2023-12-05 15:20:00',1,4,'2024-05-27 06:55:48','2024-05-27 06:55:48'),(3,31.00,95,'2023-12-27 10:40:00',2,5,'2024-05-27 06:55:48','2024-05-27 06:55:48'),(4,55.00,70,'2023-12-09 11:10:00',2,3,'2024-05-27 06:55:48','2024-05-27 06:55:48'),(5,29.00,20,'2024-01-10 11:10:00',3,7,'2024-05-27 06:55:48','2024-05-27 06:55:48'),(6,46.00,60,'2024-01-28 14:05:00',1,3,'2024-05-27 06:55:48','2024-05-27 06:55:48'),(7,55.00,50,'2024-01-17 12:35:00',2,7,'2024-05-27 06:55:48','2024-05-27 06:55:48'),(8,30.00,80,'2024-01-05 08:25:00',1,1,'2024-05-27 06:55:48','2024-05-27 06:55:48'),(9,45.00,40,'2024-02-15 09:45:00',2,9,'2024-05-27 06:55:48','2024-05-27 06:55:48'),(10,42.00,75,'2024-02-11 16:00:00',2,8,'2024-05-27 06:55:48','2024-05-27 06:55:48'),(11,36.00,45,'2024-02-22 11:50:00',1,9,'2024-05-27 06:55:48','2024-05-27 06:55:48'),(12,19.00,50,'2024-02-03 14:50:00',3,8,'2024-05-27 06:55:48','2024-05-27 06:55:48'),(13,42.00,50,'2024-03-04 11:20:00',1,1,'2024-05-27 06:55:48','2024-05-27 06:55:48'),(14,50.00,55,'2024-03-05 16:00:00',1,3,'2024-05-27 06:55:48','2024-05-27 06:55:48'),(15,35.00,80,'2024-03-07 08:30:00',1,1,'2024-05-27 06:55:48','2024-05-27 06:55:48'),(16,48.00,90,'2024-03-08 12:45:00',1,9,'2024-05-27 06:55:48','2024-05-27 06:55:48'),(17,34.00,60,'2024-04-16 14:15:00',2,4,'2024-05-27 06:55:48','2024-05-27 06:55:48'),(18,49.00,100,'2024-04-22 14:20:00',2,5,'2024-05-27 06:55:48','2024-05-27 06:55:48'),(19,62.00,50,'2024-04-23 09:50:00',3,8,'2024-05-27 06:55:48','2024-05-27 06:55:48'),(20,32.00,80,'2024-05-02 14:30:00',2,7,'2024-05-27 06:55:48','2024-05-27 06:55:48'),(21,45.00,35,'2024-05-03 09:45:00',3,6,'2024-05-27 06:55:48','2024-05-27 06:55:48'),(22,42.00,50,'2024-05-04 11:20:00',1,1,'2024-05-27 06:55:48','2024-05-27 06:55:48'),(23,65.00,80,'2024-05-07 08:30:00',1,1,'2024-05-27 06:55:48','2024-05-27 06:55:48');
/*!40000 ALTER TABLE `compras` ENABLE KEYS */;
UNLOCK TABLES;

--
-- Table structure for table `detalle_ventas`
--

DROP TABLE IF EXISTS `detalle_ventas`;
/*!40101 SET @saved_cs_client     = @@character_set_client */;
/*!40101 SET character_set_client = utf8 */;
CREATE TABLE `detalle_ventas` (
  `idDetalleVenta` bigint(20) unsigned NOT NULL AUTO_INCREMENT,
  `unidades` int(11) NOT NULL,
  `idInventario` bigint(20) unsigned DEFAULT NULL,
  `idVenta` bigint(20) unsigned NOT NULL,
  `created_at` timestamp NULL DEFAULT NULL,
  `updated_at` timestamp NULL DEFAULT NULL,
  PRIMARY KEY (`idDetalleVenta`),
  KEY `detalle_ventas_idinventario_foreign` (`idInventario`),
  KEY `detalle_ventas_idventa_foreign` (`idVenta`),
  CONSTRAINT `detalle_ventas_idinventario_foreign` FOREIGN KEY (`idInventario`) REFERENCES `inventario` (`idInventario`) ON DELETE SET NULL ON UPDATE CASCADE,
  CONSTRAINT `detalle_ventas_idventa_foreign` FOREIGN KEY (`idVenta`) REFERENCES `ventas` (`idVenta`) ON DELETE CASCADE ON UPDATE CASCADE
) ENGINE=InnoDB AUTO_INCREMENT=199 DEFAULT CHARSET=utf8mb4 COLLATE=utf8mb4_unicode_ci;
/*!40101 SET character_set_client = @saved_cs_client */;

--
-- Dumping data for table `detalle_ventas`
--

LOCK TABLES `detalle_ventas` WRITE;
/*!40000 ALTER TABLE `detalle_ventas` DISABLE KEYS */;
INSERT INTO `detalle_ventas` VALUES (1,2,1,1,'2024-05-27 06:55:48','2024-05-27 06:55:48'),(2,2,3,2,'2024-05-27 06:55:48','2024-05-27 06:55:48'),(3,1,5,3,'2024-05-27 06:55:48','2024-05-27 06:55:48'),(4,1,1,3,'2024-05-27 06:55:48','2024-05-27 06:55:48'),(5,2,3,4,'2024-05-27 06:55:48','2024-05-27 06:55:48'),(6,1,1,4,'2024-05-27 06:55:48','2024-05-27 06:55:48'),(7,2,2,5,'2024-05-27 06:55:48','2024-05-27 06:55:48'),(8,2,3,6,'2024-05-27 06:55:48','2024-05-27 06:55:48'),(9,2,9,6,'2024-05-27 06:55:48','2024-05-27 06:55:48'),(10,2,10,6,'2024-05-27 06:55:48','2024-05-27 06:55:48'),(11,1,3,7,'2024-05-27 06:55:48','2024-05-27 06:55:48'),(12,1,8,7,'2024-05-27 06:55:48','2024-05-27 06:55:48'),(13,2,6,7,'2024-05-27 06:55:48','2024-05-27 06:55:48'),(14,1,9,8,'2024-05-27 06:55:48','2024-05-27 06:55:48'),(15,1,7,8,'2024-05-27 06:55:48','2024-05-27 06:55:48'),(16,2,1,9,'2024-05-27 06:55:48','2024-05-27 06:55:48'),(17,2,9,9,'2024-05-27 06:55:48','2024-05-27 06:55:48'),(18,2,5,9,'2024-05-27 06:55:48','2024-05-27 06:55:48'),(19,1,10,10,'2024-05-27 06:55:48','2024-05-27 06:55:48'),(20,1,9,11,'2024-05-27 06:55:48','2024-05-27 06:55:48'),(21,2,6,11,'2024-05-27 06:55:48','2024-05-27 06:55:48'),(22,1,10,12,'2024-05-27 06:55:48','2024-05-27 06:55:48'),(23,1,9,13,'2024-05-27 06:55:48','2024-05-27 06:55:48'),(24,1,1,13,'2024-05-27 06:55:48','2024-05-27 06:55:48'),(25,2,2,13,'2024-05-27 06:55:48','2024-05-27 06:55:48'),(26,1,2,14,'2024-05-27 06:55:48','2024-05-27 06:55:48'),(27,1,5,14,'2024-05-27 06:55:48','2024-05-27 06:55:48'),(28,2,3,15,'2024-05-27 06:55:48','2024-05-27 06:55:48'),(29,2,4,15,'2024-05-27 06:55:48','2024-05-27 06:55:48'),(30,1,8,16,'2024-05-27 06:55:48','2024-05-27 06:55:48'),(31,2,8,16,'2024-05-27 06:55:48','2024-05-27 06:55:48'),(32,1,1,16,'2024-05-27 06:55:48','2024-05-27 06:55:48'),(33,2,8,17,'2024-05-27 06:55:48','2024-05-27 06:55:48'),(34,1,2,17,'2024-05-27 06:55:48','2024-05-27 06:55:48'),(35,1,9,18,'2024-05-27 06:55:48','2024-05-27 06:55:48'),(36,1,10,18,'2024-05-27 06:55:48','2024-05-27 06:55:48'),(37,2,1,18,'2024-05-27 06:55:48','2024-05-27 06:55:48'),(38,1,7,19,'2024-05-27 06:55:48','2024-05-27 06:55:48'),(39,2,1,19,'2024-05-27 06:55:48','2024-05-27 06:55:48'),(40,1,6,19,'2024-05-27 06:55:48','2024-05-27 06:55:48'),(41,2,7,20,'2024-05-27 06:55:49','2024-05-27 06:55:49'),(42,1,7,20,'2024-05-27 06:55:49','2024-05-27 06:55:49'),(43,2,6,20,'2024-05-27 06:55:49','2024-05-27 06:55:49'),(44,2,5,21,'2024-05-27 06:55:49','2024-05-27 06:55:49'),(45,1,11,22,'2024-05-27 06:55:49','2024-05-27 06:55:49'),(46,1,5,22,'2024-05-27 06:55:49','2024-05-27 06:55:49'),(47,2,1,23,'2024-05-27 06:55:49','2024-05-27 06:55:49'),(48,1,1,23,'2024-05-27 06:55:49','2024-05-27 06:55:49'),(49,2,1,24,'2024-05-27 06:55:49','2024-05-27 06:55:49'),(50,2,10,25,'2024-05-27 06:55:49','2024-05-27 06:55:49'),(51,2,8,26,'2024-05-27 06:55:49','2024-05-27 06:55:49'),(52,2,6,26,'2024-05-27 06:55:49','2024-05-27 06:55:49'),(53,1,2,27,'2024-05-27 06:55:49','2024-05-27 06:55:49'),(54,1,9,28,'2024-05-27 06:55:49','2024-05-27 06:55:49'),(55,2,4,29,'2024-05-27 06:55:49','2024-05-27 06:55:49'),(56,2,3,29,'2024-05-27 06:55:49','2024-05-27 06:55:49'),(57,2,7,30,'2024-05-27 06:55:49','2024-05-27 06:55:49'),(58,2,6,30,'2024-05-27 06:55:49','2024-05-27 06:55:49'),(59,2,7,31,'2024-05-27 06:55:49','2024-05-27 06:55:49'),(60,2,3,31,'2024-05-27 06:55:49','2024-05-27 06:55:49'),(61,2,11,31,'2024-05-27 06:55:49','2024-05-27 06:55:49'),(62,1,6,32,'2024-05-27 06:55:49','2024-05-27 06:55:49'),(63,2,8,32,'2024-05-27 06:55:49','2024-05-27 06:55:49'),(64,2,7,33,'2024-05-27 06:55:49','2024-05-27 06:55:49'),(65,1,6,33,'2024-05-27 06:55:49','2024-05-27 06:55:49'),(66,1,3,34,'2024-05-27 06:55:49','2024-05-27 06:55:49'),(67,2,3,34,'2024-05-27 06:55:49','2024-05-27 06:55:49'),(68,2,4,34,'2024-05-27 06:55:49','2024-05-27 06:55:49'),(69,1,7,35,'2024-05-27 06:55:49','2024-05-27 06:55:49'),(70,1,8,35,'2024-05-27 06:55:49','2024-05-27 06:55:49'),(71,1,6,36,'2024-05-27 06:55:49','2024-05-27 06:55:49'),(72,2,7,37,'2024-05-27 06:55:49','2024-05-27 06:55:49'),(73,2,5,37,'2024-05-27 06:55:49','2024-05-27 06:55:49'),(74,1,3,38,'2024-05-27 06:55:49','2024-05-27 06:55:49'),(75,2,2,38,'2024-05-27 06:55:49','2024-05-27 06:55:49'),(76,2,10,38,'2024-05-27 06:55:49','2024-05-27 06:55:49'),(77,2,10,39,'2024-05-27 06:55:49','2024-05-27 06:55:49'),(78,1,3,39,'2024-05-27 06:55:49','2024-05-27 06:55:49'),(79,2,9,40,'2024-05-27 06:55:49','2024-05-27 06:55:49'),(80,2,11,41,'2024-05-27 06:55:49','2024-05-27 06:55:49'),(81,1,9,41,'2024-05-27 06:55:49','2024-05-27 06:55:49'),(82,1,5,41,'2024-05-27 06:55:49','2024-05-27 06:55:49'),(83,1,9,42,'2024-05-27 06:55:49','2024-05-27 06:55:49'),(84,1,11,42,'2024-05-27 06:55:49','2024-05-27 06:55:49'),(85,2,3,42,'2024-05-27 06:55:49','2024-05-27 06:55:49'),(86,1,11,43,'2024-05-27 06:55:49','2024-05-27 06:55:49'),(87,2,5,43,'2024-05-27 06:55:49','2024-05-27 06:55:49'),(88,1,1,44,'2024-05-27 06:55:49','2024-05-27 06:55:49'),(89,2,7,44,'2024-05-27 06:55:49','2024-05-27 06:55:49'),(90,1,9,44,'2024-05-27 06:55:49','2024-05-27 06:55:49'),(91,1,7,45,'2024-05-27 06:55:49','2024-05-27 06:55:49'),(92,2,5,45,'2024-05-27 06:55:49','2024-05-27 06:55:49'),(93,2,8,45,'2024-05-27 06:55:49','2024-05-27 06:55:49'),(94,1,5,46,'2024-05-27 06:55:49','2024-05-27 06:55:49'),(95,2,2,47,'2024-05-27 06:55:49','2024-05-27 06:55:49'),(96,2,11,47,'2024-05-27 06:55:49','2024-05-27 06:55:49'),(97,2,4,48,'2024-05-27 06:55:49','2024-05-27 06:55:49'),(98,2,2,49,'2024-05-27 06:55:49','2024-05-27 06:55:49'),(99,2,10,49,'2024-05-27 06:55:49','2024-05-27 06:55:49'),(100,2,7,49,'2024-05-27 06:55:49','2024-05-27 06:55:49'),(101,2,1,50,'2024-05-27 06:55:49','2024-05-27 06:55:49'),(102,2,6,50,'2024-05-27 06:55:49','2024-05-27 06:55:49'),(103,2,2,50,'2024-05-27 06:55:49','2024-05-27 06:55:49'),(104,1,4,51,'2024-05-27 06:55:49','2024-05-27 06:55:49'),(105,2,7,51,'2024-05-27 06:55:49','2024-05-27 06:55:49'),(106,2,5,52,'2024-05-27 06:55:49','2024-05-27 06:55:49'),(107,2,7,52,'2024-05-27 06:55:49','2024-05-27 06:55:49'),(108,1,7,53,'2024-05-27 06:55:49','2024-05-27 06:55:49'),(109,1,9,53,'2024-05-27 06:55:49','2024-05-27 06:55:49'),(110,1,2,53,'2024-05-27 06:55:49','2024-05-27 06:55:49'),(111,1,11,54,'2024-05-27 06:55:49','2024-05-27 06:55:49'),(112,2,5,55,'2024-05-27 06:55:49','2024-05-27 06:55:49'),(113,2,4,55,'2024-05-27 06:55:49','2024-05-27 06:55:49'),(114,2,1,55,'2024-05-27 06:55:49','2024-05-27 06:55:49'),(115,2,7,56,'2024-05-27 06:55:49','2024-05-27 06:55:49'),(116,1,7,56,'2024-05-27 06:55:49','2024-05-27 06:55:49'),(117,1,10,56,'2024-05-27 06:55:49','2024-05-27 06:55:49'),(118,1,4,57,'2024-05-27 06:55:49','2024-05-27 06:55:49'),(119,1,5,57,'2024-05-27 06:55:49','2024-05-27 06:55:49'),(120,2,11,58,'2024-05-27 06:55:49','2024-05-27 06:55:49'),(121,1,3,58,'2024-05-27 06:55:49','2024-05-27 06:55:49'),(122,1,5,59,'2024-05-27 06:55:49','2024-05-27 06:55:49'),(123,2,11,59,'2024-05-27 06:55:49','2024-05-27 06:55:49'),(124,2,11,59,'2024-05-27 06:55:49','2024-05-27 06:55:49'),(125,1,9,60,'2024-05-27 06:55:49','2024-05-27 06:55:49'),(126,2,8,61,'2024-05-27 06:55:49','2024-05-27 06:55:49'),(127,2,10,62,'2024-05-27 06:55:49','2024-05-27 06:55:49'),(128,1,8,62,'2024-05-27 06:55:49','2024-05-27 06:55:49'),(129,1,2,63,'2024-05-27 06:55:49','2024-05-27 06:55:49'),(130,2,11,64,'2024-05-27 06:55:49','2024-05-27 06:55:49'),(131,1,10,65,'2024-05-27 06:55:49','2024-05-27 06:55:49'),(132,1,11,65,'2024-05-27 06:55:49','2024-05-27 06:55:49'),(133,2,11,66,'2024-05-27 06:55:49','2024-05-27 06:55:49'),(134,1,8,66,'2024-05-27 06:55:49','2024-05-27 06:55:49'),(135,2,1,66,'2024-05-27 06:55:49','2024-05-27 06:55:49'),(136,2,1,67,'2024-05-27 06:55:49','2024-05-27 06:55:49'),(137,1,1,68,'2024-05-27 06:55:49','2024-05-27 06:55:49'),(138,1,10,69,'2024-05-27 06:55:49','2024-05-27 06:55:49'),(139,2,10,70,'2024-05-27 06:55:49','2024-05-27 06:55:49'),(140,2,11,70,'2024-05-27 06:55:49','2024-05-27 06:55:49'),(141,1,3,71,'2024-05-27 06:55:49','2024-05-27 06:55:49'),(142,2,2,71,'2024-05-27 06:55:49','2024-05-27 06:55:49'),(143,2,4,72,'2024-05-27 06:55:49','2024-05-27 06:55:49'),(144,1,11,72,'2024-05-27 06:55:49','2024-05-27 06:55:49'),(145,1,2,73,'2024-05-27 06:55:49','2024-05-27 06:55:49'),(146,2,5,73,'2024-05-27 06:55:49','2024-05-27 06:55:49'),(147,2,11,73,'2024-05-27 06:55:49','2024-05-27 06:55:49'),(148,1,10,74,'2024-05-27 06:55:49','2024-05-27 06:55:49'),(149,1,9,74,'2024-05-27 06:55:49','2024-05-27 06:55:49'),(150,1,1,74,'2024-05-27 06:55:49','2024-05-27 06:55:49'),(151,1,8,75,'2024-05-27 06:55:49','2024-05-27 06:55:49'),(152,2,5,76,'2024-05-27 06:55:49','2024-05-27 06:55:49'),(153,1,2,77,'2024-05-27 06:55:49','2024-05-27 06:55:49'),(154,1,11,77,'2024-05-27 06:55:49','2024-05-27 06:55:49'),(155,2,6,77,'2024-05-27 06:55:49','2024-05-27 06:55:49'),(156,1,3,78,'2024-05-27 06:55:49','2024-05-27 06:55:49'),(157,1,2,78,'2024-05-27 06:55:49','2024-05-27 06:55:49'),(158,2,11,78,'2024-05-27 06:55:49','2024-05-27 06:55:49'),(159,2,10,79,'2024-05-27 06:55:49','2024-05-27 06:55:49'),(160,1,10,79,'2024-05-27 06:55:49','2024-05-27 06:55:49'),(161,1,10,79,'2024-05-27 06:55:49','2024-05-27 06:55:49'),(162,1,9,80,'2024-05-27 06:55:49','2024-05-27 06:55:49'),(163,2,10,80,'2024-05-27 06:55:49','2024-05-27 06:55:49'),(164,1,3,80,'2024-05-27 06:55:49','2024-05-27 06:55:49'),(165,2,7,81,'2024-05-27 06:55:49','2024-05-27 06:55:49'),(166,2,10,82,'2024-05-27 06:55:49','2024-05-27 06:55:49'),(167,2,8,82,'2024-05-27 06:55:49','2024-05-27 06:55:49'),(168,2,8,83,'2024-05-27 06:55:49','2024-05-27 06:55:49'),(169,1,4,83,'2024-05-27 06:55:49','2024-05-27 06:55:49'),(170,2,2,83,'2024-05-27 06:55:49','2024-05-27 06:55:49'),(171,2,5,84,'2024-05-27 06:55:49','2024-05-27 06:55:49'),(172,2,4,84,'2024-05-27 06:55:49','2024-05-27 06:55:49'),(173,1,10,85,'2024-05-27 06:55:49','2024-05-27 06:55:49'),(174,1,9,86,'2024-05-27 06:55:49','2024-05-27 06:55:49'),(175,1,8,87,'2024-05-27 06:55:49','2024-05-27 06:55:49'),(176,2,2,87,'2024-05-27 06:55:49','2024-05-27 06:55:49'),(177,1,9,87,'2024-05-27 06:55:49','2024-05-27 06:55:49'),(178,1,5,88,'2024-05-27 06:55:49','2024-05-27 06:55:49'),(179,2,10,89,'2024-05-27 06:55:49','2024-05-27 06:55:49'),(180,1,10,90,'2024-05-27 06:55:49','2024-05-27 06:55:49'),(181,2,2,91,'2024-05-27 06:55:49','2024-05-27 06:55:49'),(182,2,2,91,'2024-05-27 06:55:49','2024-05-27 06:55:49'),(183,2,1,92,'2024-05-27 06:55:49','2024-05-27 06:55:49'),(184,1,1,93,'2024-05-27 06:55:49','2024-05-27 06:55:49'),(185,2,4,94,'2024-05-27 06:55:49','2024-05-27 06:55:49'),(186,2,8,94,'2024-05-27 06:55:49','2024-05-27 06:55:49'),(187,1,8,94,'2024-05-27 06:55:49','2024-05-27 06:55:49'),(188,2,8,95,'2024-05-27 06:55:49','2024-05-27 06:55:49'),(189,1,7,95,'2024-05-27 06:55:49','2024-05-27 06:55:49'),(190,1,5,96,'2024-05-27 06:55:49','2024-05-27 06:55:49'),(191,2,9,96,'2024-05-27 06:55:49','2024-05-27 06:55:49'),(192,1,11,97,'2024-05-27 06:55:49','2024-05-27 06:55:49'),(193,1,10,97,'2024-05-27 06:55:49','2024-05-27 06:55:49'),(194,1,11,97,'2024-05-27 06:55:49','2024-05-27 06:55:49'),(195,1,6,98,'2024-05-27 06:55:49','2024-05-27 06:55:49'),(196,1,7,99,'2024-05-27 06:55:49','2024-05-27 06:55:49'),(197,1,6,99,'2024-05-27 06:55:49','2024-05-27 06:55:49'),(198,2,9,99,'2024-05-27 06:55:49','2024-05-27 06:55:49');
/*!40000 ALTER TABLE `detalle_ventas` ENABLE KEYS */;
UNLOCK TABLES;

--
-- Table structure for table `empleados`
--

DROP TABLE IF EXISTS `empleados`;
/*!40101 SET @saved_cs_client     = @@character_set_client */;
/*!40101 SET character_set_client = utf8 */;
CREATE TABLE `empleados` (
  `idEmpleado` bigint(20) unsigned NOT NULL AUTO_INCREMENT,
  `nombre` varchar(255) NOT NULL,
  `apellido` varchar(255) NOT NULL,
  `correo` varchar(255) NOT NULL,
  `contrasena` varchar(255) NOT NULL,
  `rol` enum('titular','adjunto','auxiliar') NOT NULL,
  `created_at` timestamp NULL DEFAULT NULL,
  `updated_at` timestamp NULL DEFAULT NULL,
  PRIMARY KEY (`idEmpleado`),
  UNIQUE KEY `empleados_correo_unique` (`correo`)
) ENGINE=InnoDB AUTO_INCREMENT=14 DEFAULT CHARSET=utf8mb4 COLLATE=utf8mb4_unicode_ci;
/*!40101 SET character_set_client = @saved_cs_client */;

--
-- Dumping data for table `empleados`
--

LOCK TABLES `empleados` WRITE;
/*!40000 ALTER TABLE `empleados` DISABLE KEYS */;
INSERT INTO `empleados` VALUES (1,'Mario','Dieguez','mario@example.com','$2y$12$HcqTNBM3VTXA7uaedmnCp.OJqJQfBaTqoduqkUun1hyHm/KL2Gmgy','titular','2024-05-27 06:55:48','2024-05-27 06:55:48'),(2,'Sandra','Bujak','sandra@example.com','$2y$12$qNd6ALhMJb3ho2zYLFRhluvgw1GqK2/ErOoDHTg0Z0pyaeEanynK.','adjunto','2024-05-27 06:55:48','2024-05-27 06:55:48'),(3,'Iker','Casillas','iker@example.com','$2y$12$5VNV3YtrSDyyWPG8pZIwO.GThZHOdAeWkii4NTbDtGCj4pw3/wSMm','adjunto','2024-05-27 06:55:48','2024-05-27 06:55:48'),(4,'Sergio','Ramos','ramos@example.com','$2y$12$.VfVhFuzxh2nDsk.KHwMA.SpXKCj8Dp3l/YtvdlCFGjFwzLJC3SZW','adjunto','2024-05-27 06:55:48','2024-05-27 06:55:48'),(5,'Carles','Puyol','puyol@example.com','$2y$12$ptovwd/9XxrJi1BaYFTVoeub2vO7mHX6P/QJGRp1oYbEIkWhyn5Na','adjunto','2024-05-27 06:55:48','2024-05-27 06:55:48'),(6,'Gerard','Pique','pique@example.com','$2y$12$q9T4MMxEkeIDxJCcR1Iux.7BLN5OyqdVniEQd4KeUpWAGqe0UFaUq','auxiliar','2024-05-27 06:55:48','2024-05-27 06:55:48'),(7,'Joan','Capdevila','capdevila@example.com','$2y$12$FPqy6vUJieHbniwTmFU27u/EyuawpbIYSTWAMnAxeE0QynF5ZN6l2','auxiliar','2024-05-27 06:55:48','2024-05-27 06:55:48'),(8,'Xabi','Alonso','xabi@example.com','$2y$12$G8ZmHHl.epKU9xnwMJj35e1lPVFcJE1qImwDZKGsf206etyWLCt8G','adjunto','2024-05-27 06:55:48','2024-05-27 06:55:48'),(9,'Sergio','Busquets','busquets@example.com','$2y$12$2OkS9Jj496kO9wHVpDx/VeaD5BSzVMgrsEQoYPwatON1Yt5ioNqnO','auxiliar','2024-05-27 06:55:48','2024-05-27 06:55:48'),(10,'Andrés','Iniesta','iniesta@example.com','$2y$12$HXszfbKCEoNt3UNMZbeLM.PlpmE6t2NoH3f3josid7vgBCerGzQJK','adjunto','2024-05-27 06:55:48','2024-05-27 06:55:48'),(11,'David','Villa','villa@example.com','$2y$12$2bpncej69Usz7dKF5kvrg.jrgaKrdT2iWWr4nMx1/1qcuxpzEuShK','adjunto','2024-05-27 06:55:48','2024-05-27 06:55:48'),(12,'Pedro','Rodríguez','pedro@example.com','$2y$12$nRoFwIeDqBZCLjI0cYqFIO00Hhzot.YKK6gOL5T9N8Gj8ogsFV4iS','auxiliar','2024-05-27 06:55:48','2024-05-27 06:55:48'),(13,'Fernando','Torres','fernando@example.com','$2y$12$Hct7Rud6/SwedXOyAmYhouBtuae.IJI2x7guwzC9ZD491fBWvUIWi','adjunto','2024-05-27 06:55:48','2024-05-27 06:55:48');
/*!40000 ALTER TABLE `empleados` ENABLE KEYS */;
UNLOCK TABLES;

--
-- Table structure for table `inventario`
--

DROP TABLE IF EXISTS `inventario`;
/*!40101 SET @saved_cs_client     = @@character_set_client */;
/*!40101 SET character_set_client = utf8 */;
CREATE TABLE `inventario` (
  `idInventario` bigint(20) unsigned NOT NULL AUTO_INCREMENT,
  `nombre` varchar(255) NOT NULL,
  `farmaco` varchar(255) NOT NULL,
  `precio` decimal(8,2) NOT NULL,
  `prescripcion` tinyint(1) NOT NULL DEFAULT 0,
  `stock` int(11) NOT NULL,
  `created_at` timestamp NULL DEFAULT NULL,
  `updated_at` timestamp NULL DEFAULT NULL,
  PRIMARY KEY (`idInventario`)
) ENGINE=InnoDB AUTO_INCREMENT=12 DEFAULT CHARSET=utf8mb4 COLLATE=utf8mb4_unicode_ci;
/*!40101 SET character_set_client = @saved_cs_client */;

--
-- Dumping data for table `inventario`
--

LOCK TABLES `inventario` WRITE;
/*!40000 ALTER TABLE `inventario` DISABLE KEYS */;
INSERT INTO `inventario` VALUES (1,'Ibufen','Ibuprofeno',2.00,0,56,'2024-05-27 06:55:48','2024-05-27 06:55:48'),(2,'Norlevo','Levonorgestrel',1.50,1,70,'2024-05-27 06:55:48','2024-05-27 06:55:48'),(3,'Eutirox','Levotiroxina',3.00,1,5,'2024-05-27 06:55:48','2024-05-27 06:55:48'),(4,'Tylenol','Paracetamol',1.80,0,50,'2024-05-27 06:55:48','2024-05-27 06:55:48'),(5,'Lumigan','Bimatoprost',2.50,1,60,'2024-05-27 06:55:48','2024-05-27 06:55:48'),(6,'Viread','Tenofovir',4.00,1,30,'2024-05-27 06:55:48','2024-05-27 06:55:48'),(7,'Valium','Diazepam',3.50,1,25,'2024-05-27 06:55:48','2024-05-27 06:55:48'),(8,'Plenur','Carbonato de calcio',5.00,1,20,'2024-05-27 06:55:48','2024-05-27 06:55:48'),(9,'Sintrom','Acenocumarol',4.00,1,40,'2024-05-27 06:55:48','2024-05-27 06:55:48'),(10,'Nolotil','Metamizol magnésico',6.00,1,15,'2024-05-27 06:55:48','2024-05-27 06:55:48'),(11,'Ebastina','Ebastina',3.20,1,25,'2024-05-27 06:55:48','2024-05-27 06:55:48');
/*!40000 ALTER TABLE `inventario` ENABLE KEYS */;
UNLOCK TABLES;

--
-- Table structure for table `migrations`
--

DROP TABLE IF EXISTS `migrations`;
/*!40101 SET @saved_cs_client     = @@character_set_client */;
/*!40101 SET character_set_client = utf8 */;
CREATE TABLE `migrations` (
  `id` int(10) unsigned NOT NULL AUTO_INCREMENT,
  `migration` varchar(255) NOT NULL,
  `batch` int(11) NOT NULL,
  PRIMARY KEY (`id`)
) ENGINE=InnoDB AUTO_INCREMENT=10 DEFAULT CHARSET=utf8mb4 COLLATE=utf8mb4_unicode_ci;
/*!40101 SET character_set_client = @saved_cs_client */;

--
-- Dumping data for table `migrations`
--

LOCK TABLES `migrations` WRITE;
/*!40000 ALTER TABLE `migrations` DISABLE KEYS */;
INSERT INTO `migrations` VALUES (1,'1_create_empleados_table',1),(2,'2019_12_14_000001_create_personal_access_tokens_table',1),(3,'2_create_tareas_table',1),(4,'3_create_inventario_table',1),(5,'4_create_proveedores_table',1),(6,'5_create_compras_table',1),(7,'6_create_clientes_table',1),(8,'7_create_ventas_table',1),(9,'8_create_detalle_ventas_table',1);
/*!40000 ALTER TABLE `migrations` ENABLE KEYS */;
UNLOCK TABLES;

--
-- Table structure for table `personal_access_tokens`
--

DROP TABLE IF EXISTS `personal_access_tokens`;
/*!40101 SET @saved_cs_client     = @@character_set_client */;
/*!40101 SET character_set_client = utf8 */;
CREATE TABLE `personal_access_tokens` (
  `id` bigint(20) unsigned NOT NULL AUTO_INCREMENT,
  `tokenable_type` varchar(255) NOT NULL,
  `tokenable_id` bigint(20) unsigned NOT NULL,
  `name` varchar(255) NOT NULL,
  `token` varchar(64) NOT NULL,
  `abilities` text DEFAULT NULL,
  `last_used_at` timestamp NULL DEFAULT NULL,
  `expires_at` timestamp NULL DEFAULT NULL,
  `created_at` timestamp NULL DEFAULT NULL,
  `updated_at` timestamp NULL DEFAULT NULL,
  PRIMARY KEY (`id`),
  UNIQUE KEY `personal_access_tokens_token_unique` (`token`),
  KEY `personal_access_tokens_tokenable_type_tokenable_id_index` (`tokenable_type`,`tokenable_id`)
) ENGINE=InnoDB DEFAULT CHARSET=utf8mb4 COLLATE=utf8mb4_unicode_ci;
/*!40101 SET character_set_client = @saved_cs_client */;

--
-- Dumping data for table `personal_access_tokens`
--

LOCK TABLES `personal_access_tokens` WRITE;
/*!40000 ALTER TABLE `personal_access_tokens` DISABLE KEYS */;
/*!40000 ALTER TABLE `personal_access_tokens` ENABLE KEYS */;
UNLOCK TABLES;

--
-- Table structure for table `proveedores`
--

DROP TABLE IF EXISTS `proveedores`;
/*!40101 SET @saved_cs_client     = @@character_set_client */;
/*!40101 SET character_set_client = utf8 */;
CREATE TABLE `proveedores` (
  `idProveedor` bigint(20) unsigned NOT NULL AUTO_INCREMENT,
  `empresa` varchar(255) NOT NULL,
  `created_at` timestamp NULL DEFAULT NULL,
  `updated_at` timestamp NULL DEFAULT NULL,
  PRIMARY KEY (`idProveedor`),
  UNIQUE KEY `proveedores_empresa_unique` (`empresa`)
) ENGINE=InnoDB AUTO_INCREMENT=4 DEFAULT CHARSET=utf8mb4 COLLATE=utf8mb4_unicode_ci;
/*!40101 SET character_set_client = @saved_cs_client */;

--
-- Dumping data for table `proveedores`
--

LOCK TABLES `proveedores` WRITE;
/*!40000 ALTER TABLE `proveedores` DISABLE KEYS */;
INSERT INTO `proveedores` VALUES (1,'Bidafarma','2024-05-27 06:55:48','2024-05-27 06:55:48'),(2,'Cofares','2024-05-27 06:55:48','2024-05-27 06:55:48'),(3,'Bayer','2024-05-27 06:55:48','2024-05-27 06:55:48');
/*!40000 ALTER TABLE `proveedores` ENABLE KEYS */;
UNLOCK TABLES;

--
-- Table structure for table `tareas`
--

DROP TABLE IF EXISTS `tareas`;
/*!40101 SET @saved_cs_client     = @@character_set_client */;
/*!40101 SET character_set_client = utf8 */;
CREATE TABLE `tareas` (
  `idTarea` bigint(20) unsigned NOT NULL AUTO_INCREMENT,
  `nombre` varchar(255) NOT NULL,
  `fecha` datetime NOT NULL,
  `descripcion` text NOT NULL,
  `estado` enum('pendiente','hecho') NOT NULL,
  `idEmpleado` bigint(20) unsigned NOT NULL,
  `created_at` timestamp NULL DEFAULT NULL,
  `updated_at` timestamp NULL DEFAULT NULL,
  PRIMARY KEY (`idTarea`),
  KEY `tareas_idempleado_foreign` (`idEmpleado`),
  CONSTRAINT `tareas_idempleado_foreign` FOREIGN KEY (`idEmpleado`) REFERENCES `empleados` (`idEmpleado`) ON DELETE CASCADE ON UPDATE CASCADE
) ENGINE=InnoDB AUTO_INCREMENT=11 DEFAULT CHARSET=utf8mb4 COLLATE=utf8mb4_unicode_ci;
/*!40101 SET character_set_client = @saved_cs_client */;

--
-- Dumping data for table `tareas`
--

LOCK TABLES `tareas` WRITE;
/*!40000 ALTER TABLE `tareas` DISABLE KEYS */;
INSERT INTO `tareas` VALUES (1,'Fórmula magistral','2024-04-30 14:30:00','Elaborar fórmula magistral de \"Disolución de Lugol\"','pendiente',1,'2024-05-27 06:55:48','2024-05-27 06:55:48'),(2,'Fórmula magistral','2024-05-10 14:30:00','Elaborar fórmula magistral de \"Cápsulas de sulfato de Zinc\"','pendiente',2,'2024-05-27 06:55:48','2024-05-27 06:55:48'),(3,'Control de caducidades','2024-05-31 19:00:00','Revisar la fecha de caducidad de los productos en el inventario y retirar aquellos que estén vencidos','pendiente',3,'2024-05-27 06:55:48','2024-05-27 06:55:48'),(4,'Revisión de inventario','2024-05-31 09:00:00','Realizar revisión del inventario de productos para reabastecer aquellos que estén bajos en stock.','pendiente',5,'2024-05-27 06:55:48','2024-05-27 06:55:48'),(5,'Fórmula magistral','2024-05-10 14:30:00','Elaborar fórmula magistral de \"Jarabe de Ipecacuana\"','pendiente',4,'2024-05-27 06:55:48','2024-05-27 06:55:48'),(6,'Pedido de medicamentos','2024-06-02 10:00:00','Realizar pedido de medicamentos a proveedores para mantener el inventario adecuado.','pendiente',2,'2024-05-27 06:55:48','2024-05-27 06:55:48'),(7,'Recepción de pedidos','2024-06-03 08:30:00','Recibir y revisar los pedidos de medicamentos entregados por los proveedores.','pendiente',7,'2024-05-27 06:55:48','2024-05-27 06:55:48'),(8,'Atención al cliente','2024-06-03 11:00:00','Atender a los clientes que llegan a la farmacia, proporcionando asesoramiento sobre productos y medicamentos.','pendiente',11,'2024-05-27 06:55:48','2024-05-27 06:55:48'),(9,'Control de caducidades','2024-06-04 15:00:00','Revisar la fecha de caducidad de los productos en el inventario y retirar aquellos que estén vencidos.','pendiente',8,'2024-05-27 06:55:48','2024-05-27 06:55:48'),(10,'Mantenimiento de la farmacia','2024-06-05 13:30:00','Realizar tareas de limpieza y mantenimiento de la farmacia para garantizar un entorno limpio y ordenado.','pendiente',13,'2024-05-27 06:55:48','2024-05-27 06:55:48');
/*!40000 ALTER TABLE `tareas` ENABLE KEYS */;
UNLOCK TABLES;

--
-- Table structure for table `ventas`
--

DROP TABLE IF EXISTS `ventas`;
/*!40101 SET @saved_cs_client     = @@character_set_client */;
/*!40101 SET character_set_client = utf8 */;
CREATE TABLE `ventas` (
  `idVenta` bigint(20) unsigned NOT NULL AUTO_INCREMENT,
  `importe` decimal(8,2) NOT NULL,
  `fecha` datetime NOT NULL,
  `idCliente` bigint(20) unsigned DEFAULT NULL,
  `idEmpleado` bigint(20) unsigned DEFAULT NULL,
  `created_at` timestamp NULL DEFAULT NULL,
  `updated_at` timestamp NULL DEFAULT NULL,
  PRIMARY KEY (`idVenta`),
  KEY `ventas_idcliente_foreign` (`idCliente`),
  KEY `ventas_idempleado_foreign` (`idEmpleado`),
  CONSTRAINT `ventas_idcliente_foreign` FOREIGN KEY (`idCliente`) REFERENCES `clientes` (`idCliente`) ON DELETE SET NULL ON UPDATE CASCADE,
  CONSTRAINT `ventas_idempleado_foreign` FOREIGN KEY (`idEmpleado`) REFERENCES `empleados` (`idEmpleado`) ON DELETE SET NULL ON UPDATE CASCADE
) ENGINE=InnoDB AUTO_INCREMENT=100 DEFAULT CHARSET=utf8mb4 COLLATE=utf8mb4_unicode_ci;
/*!40101 SET character_set_client = @saved_cs_client */;

--
-- Dumping data for table `ventas`
--

LOCK TABLES `ventas` WRITE;
/*!40000 ALTER TABLE `ventas` DISABLE KEYS */;
INSERT INTO `ventas` VALUES (1,4.00,'2023-12-04 14:22:00',NULL,9,'2024-05-27 06:55:48','2024-05-27 06:55:49'),(2,6.00,'2023-12-22 16:50:00',8,11,'2024-05-27 06:55:48','2024-05-27 06:55:49'),(3,4.50,'2023-12-08 10:05:00',1,7,'2024-05-27 06:55:48','2024-05-27 06:55:49'),(4,8.00,'2023-12-15 14:10:00',3,5,'2024-05-27 06:55:48','2024-05-27 06:55:49'),(5,3.00,'2023-12-04 14:22:00',7,9,'2024-05-27 06:55:48','2024-05-27 06:55:49'),(6,26.00,'2023-12-22 16:50:00',8,11,'2024-05-27 06:55:48','2024-05-27 06:55:49'),(7,16.00,'2023-12-08 10:05:00',1,7,'2024-05-27 06:55:48','2024-05-27 06:55:49'),(8,7.50,'2023-12-15 14:10:00',3,5,'2024-05-27 06:55:48','2024-05-27 06:55:49'),(9,17.00,'2023-12-01 09:45:00',2,8,'2024-05-27 06:55:48','2024-05-27 06:55:49'),(10,6.00,'2023-12-27 11:25:00',11,3,'2024-05-27 06:55:48','2024-05-27 06:55:49'),(11,12.00,'2023-12-19 14:40:00',5,6,'2024-05-27 06:55:48','2024-05-27 06:55:49'),(12,6.00,'2023-12-06 09:05:00',3,2,'2024-05-27 06:55:48','2024-05-27 06:55:49'),(13,9.00,'2023-12-30 14:20:00',2,13,'2024-05-27 06:55:48','2024-05-27 06:55:49'),(14,4.00,'2023-12-13 16:25:00',4,1,'2024-05-27 06:55:48','2024-05-27 06:55:49'),(15,9.60,'2023-12-11 08:50:00',8,4,'2024-05-27 06:55:48','2024-05-27 06:55:49'),(16,17.00,'2023-12-25 12:34:00',6,3,'2024-05-27 06:55:48','2024-05-27 06:55:49'),(17,11.50,'2023-12-07 13:20:00',3,5,'2024-05-27 06:55:48','2024-05-27 06:55:49'),(18,14.00,'2023-12-17 14:30:00',13,4,'2024-05-27 06:55:48','2024-05-27 06:55:49'),(19,11.50,'2024-01-11 08:30:00',12,3,'2024-05-27 06:55:48','2024-05-27 06:55:49'),(20,18.50,'2024-01-03 09:15:00',14,4,'2024-05-27 06:55:48','2024-05-27 06:55:49'),(21,5.00,'2024-01-20 11:40:00',6,12,'2024-05-27 06:55:48','2024-05-27 06:55:49'),(22,5.70,'2024-01-29 10:30:00',13,6,'2024-05-27 06:55:48','2024-05-27 06:55:49'),(23,6.00,'2024-01-11 08:30:00',12,3,'2024-05-27 06:55:48','2024-05-27 06:55:49'),(24,4.00,'2024-01-03 09:15:00',14,4,'2024-05-27 06:55:48','2024-05-27 06:55:49'),(25,12.00,'2024-01-20 11:40:00',6,12,'2024-05-27 06:55:48','2024-05-27 06:55:49'),(26,18.00,'2024-01-29 10:30:00',13,6,'2024-05-27 06:55:48','2024-05-27 06:55:49'),(27,1.50,'2024-01-05 12:00:00',8,7,'2024-05-27 06:55:48','2024-05-27 06:55:49'),(28,4.00,'2024-01-12 15:30:00',7,4,'2024-05-27 06:55:48','2024-05-27 06:55:49'),(29,9.60,'2024-01-23 11:50:00',9,12,'2024-05-27 06:55:48','2024-05-27 06:55:49'),(30,15.00,'2024-01-08 10:40:00',10,3,'2024-05-27 06:55:48','2024-05-27 06:55:49'),(31,19.40,'2024-01-25 09:30:00',1,8,'2024-05-27 06:55:48','2024-05-27 06:55:49'),(32,14.00,'2024-01-16 13:00:00',5,6,'2024-05-27 06:55:48','2024-05-27 06:55:49'),(33,11.00,'2024-01-20 11:00:00',10,12,'2024-05-27 06:55:48','2024-05-27 06:55:49'),(34,12.60,'2024-01-14 10:55:00',2,13,'2024-05-27 06:55:48','2024-05-27 06:55:49'),(35,8.50,'2024-01-28 09:25:00',12,6,'2024-05-27 06:55:48','2024-05-27 06:55:49'),(36,4.00,'2024-02-16 12:45:00',5,2,'2024-05-27 06:55:48','2024-05-27 06:55:49'),(37,12.00,'2024-02-24 13:35:00',9,10,'2024-05-27 06:55:48','2024-05-27 06:55:49'),(38,18.00,'2024-02-12 15:20:00',10,13,'2024-05-27 06:55:48','2024-05-27 06:55:49'),(39,15.00,'2024-02-02 16:55:00',4,1,'2024-05-27 06:55:48','2024-05-27 06:55:49'),(40,8.00,'2024-02-16 12:45:00',5,2,'2024-05-27 06:55:48','2024-05-27 06:55:49'),(41,12.90,'2024-02-24 13:35:00',9,10,'2024-05-27 06:55:48','2024-05-27 06:55:49'),(42,13.20,'2024-02-12 15:20:00',10,13,'2024-05-27 06:55:48','2024-05-27 06:55:49'),(43,8.20,'2024-02-02 16:55:00',4,1,'2024-05-27 06:55:48','2024-05-27 06:55:49'),(44,13.00,'2024-02-08 13:05:00',1,10,'2024-05-27 06:55:48','2024-05-27 06:55:49'),(45,18.50,'2024-02-27 10:15:00',14,11,'2024-05-27 06:55:48','2024-05-27 06:55:49'),(46,2.50,'2024-02-14 13:45:00',6,5,'2024-05-27 06:55:48','2024-05-27 06:55:49'),(47,9.40,'2024-02-05 12:10:00',11,7,'2024-05-27 06:55:48','2024-05-27 06:55:49'),(48,3.60,'2024-02-21 15:55:00',12,10,'2024-05-27 06:55:48','2024-05-27 06:55:49'),(49,22.00,'2024-02-19 11:35:00',9,11,'2024-05-27 06:55:48','2024-05-27 06:55:49'),(50,15.00,'2024-02-18 09:15:00',7,2,'2024-05-27 06:55:48','2024-05-27 06:55:49'),(51,8.80,'2024-02-04 08:10:00',11,1,'2024-05-27 06:55:48','2024-05-27 06:55:49'),(52,12.00,'2024-02-22 10:40:00',4,7,'2024-05-27 06:55:48','2024-05-27 06:55:49'),(53,9.00,'2024-03-01 09:15:00',5,7,'2024-05-27 06:55:48','2024-05-27 06:55:49'),(54,3.20,'2024-03-02 10:30:00',4,10,'2024-05-27 06:55:48','2024-05-27 06:55:49'),(55,12.60,'2024-03-04 13:00:00',2,6,'2024-05-27 06:55:48','2024-05-27 06:55:49'),(56,16.50,'2024-03-05 14:15:00',9,12,'2024-05-27 06:55:48','2024-05-27 06:55:49'),(57,4.30,'2024-03-06 15:30:00',6,13,'2024-05-27 06:55:48','2024-05-27 06:55:49'),(58,9.40,'2024-03-01 09:45:00',5,8,'2024-05-27 06:55:48','2024-05-27 06:55:49'),(59,15.30,'2024-03-02 10:20:00',10,11,'2024-05-27 06:55:48','2024-05-27 06:55:49'),(60,4.00,'2024-03-04 13:30:00',3,7,'2024-05-27 06:55:48','2024-05-27 06:55:49'),(61,10.00,'2024-03-05 14:50:00',1,10,'2024-05-27 06:55:48','2024-05-27 06:55:49'),(62,17.00,'2024-03-06 15:15:00',12,9,'2024-05-27 06:55:48','2024-05-27 06:55:49'),(63,1.50,'2024-03-01 09:15:00',3,7,'2024-05-27 06:55:48','2024-05-27 06:55:49'),(64,6.40,'2024-03-02 10:30:00',4,10,'2024-05-27 06:55:48','2024-05-27 06:55:49'),(65,9.20,'2024-03-04 13:00:00',2,6,'2024-05-27 06:55:48','2024-05-27 06:55:49'),(66,15.40,'2024-03-05 14:15:00',9,12,'2024-05-27 06:55:48','2024-05-27 06:55:49'),(67,4.00,'2024-04-14 08:30:00',7,10,'2024-05-27 06:55:48','2024-05-27 06:55:49'),(68,2.00,'2024-04-15 09:00:00',9,4,'2024-05-27 06:55:48','2024-05-27 06:55:49'),(69,6.00,'2024-04-16 10:55:00',4,6,'2024-05-27 06:55:48','2024-05-27 06:55:49'),(70,18.40,'2024-04-17 12:10:00',13,11,'2024-05-27 06:55:48','2024-05-27 06:55:49'),(71,6.00,'2024-04-14 08:30:00',7,10,'2024-05-27 06:55:48','2024-05-27 06:55:49'),(72,6.80,'2024-04-15 09:00:00',9,4,'2024-05-27 06:55:48','2024-05-27 06:55:49'),(73,12.90,'2024-04-16 10:55:00',4,6,'2024-05-27 06:55:48','2024-05-27 06:55:49'),(74,12.00,'2024-04-17 12:10:00',13,11,'2024-05-27 06:55:48','2024-05-27 06:55:49'),(75,5.00,'2024-04-18 13:20:00',2,8,'2024-05-27 06:55:48','2024-05-27 06:55:49'),(76,5.00,'2024-04-19 14:40:00',11,3,'2024-05-27 06:55:48','2024-05-27 06:55:49'),(77,12.70,'2024-04-21 17:20:00',5,12,'2024-05-27 06:55:48','2024-05-27 06:55:49'),(78,10.90,'2024-04-25 22:10:00',4,13,'2024-05-27 06:55:48','2024-05-27 06:55:49'),(79,24.00,'2024-04-14 08:15:00',3,8,'2024-05-27 06:55:48','2024-05-27 06:55:49'),(80,19.00,'2024-04-15 09:30:00',7,3,'2024-05-27 06:55:48','2024-05-27 06:55:49'),(81,7.00,'2024-04-16 10:45:00',4,5,'2024-05-27 06:55:48','2024-05-27 06:55:49'),(82,22.00,'2024-04-17 12:00:00',11,10,'2024-05-27 06:55:48','2024-05-27 06:55:49'),(83,14.80,'2024-04-18 13:15:00',2,6,'2024-05-27 06:55:48','2024-05-27 06:55:49'),(84,8.60,'2024-04-19 14:30:00',9,1,'2024-05-27 06:55:48','2024-05-27 06:55:49'),(85,6.00,'2024-04-21 17:00:00',13,2,'2024-05-27 06:55:48','2024-05-27 06:55:49'),(86,4.00,'2024-04-23 19:30:00',3,7,'2024-05-27 06:55:48','2024-05-27 06:55:49'),(87,12.00,'2024-04-24 20:45:00',12,9,'2024-05-27 06:55:48','2024-05-27 06:55:49'),(88,2.50,'2024-04-25 22:00:00',10,13,'2024-05-27 06:55:48','2024-05-27 06:55:49'),(89,12.00,'2024-05-08 18:15:00',3,1,'2024-05-27 06:55:48','2024-05-27 06:55:49'),(90,6.00,'2024-05-10 20:40:00',10,5,'2024-05-27 06:55:48','2024-05-27 06:55:49'),(91,6.00,'2024-05-11 21:50:00',7,10,'2024-05-27 06:55:48','2024-05-27 06:55:49'),(92,4.00,'2024-05-08 18:15:00',3,1,'2024-05-27 06:55:48','2024-05-27 06:55:49'),(93,2.00,'2024-05-12 23:20:00',12,12,'2024-05-27 06:55:48','2024-05-27 06:55:49'),(94,18.60,'2024-05-13 07:30:00',1,6,'2024-05-27 06:55:48','2024-05-27 06:55:49'),(95,13.50,'2024-05-08 18:00:00',8,1,'2024-05-27 06:55:48','2024-05-27 06:55:50'),(96,10.50,'2024-05-10 20:30:00',12,4,'2024-05-27 06:55:48','2024-05-27 06:55:50'),(97,12.40,'2024-05-11 21:45:00',10,9,'2024-05-27 06:55:48','2024-05-27 06:55:50'),(98,4.00,'2024-05-12 23:00:00',5,11,'2024-05-27 06:55:48','2024-05-27 06:55:50'),(99,15.50,'2024-05-13 07:00:00',1,7,'2024-05-27 06:55:48','2024-05-27 06:55:50');
/*!40000 ALTER TABLE `ventas` ENABLE KEYS */;
UNLOCK TABLES;
/*!40103 SET TIME_ZONE=@OLD_TIME_ZONE */;

/*!40101 SET SQL_MODE=@OLD_SQL_MODE */;
/*!40014 SET FOREIGN_KEY_CHECKS=@OLD_FOREIGN_KEY_CHECKS */;
/*!40014 SET UNIQUE_CHECKS=@OLD_UNIQUE_CHECKS */;
/*!40101 SET CHARACTER_SET_CLIENT=@OLD_CHARACTER_SET_CLIENT */;
/*!40101 SET CHARACTER_SET_RESULTS=@OLD_CHARACTER_SET_RESULTS */;
/*!40101 SET COLLATION_CONNECTION=@OLD_COLLATION_CONNECTION */;
/*!40111 SET SQL_NOTES=@OLD_SQL_NOTES */;

-- Dump completed on 2024-05-27  9:14:28
